{"cameraMode":{"drawMode":0,"name":"Shaded","section":"Shading Mode"},"sceneLighting":true,"audioPlay":false,"sceneViewState":{"m_AlwaysRefresh":false,"showFog":true,"showSkybox":true,"showFlares":true,"showImageEffects":true,"showParticleSystems":true,"showVisualEffectGraphs":true,"m_FxEnabled":true},"in2DMode":false,"pivot":{"x":615.914794921875,"y":305.4601745605469,"z":-1085.7122802734375},"rotation":{"x":-0.025484604761004449,"y":0.031484562903642657,"z":0.0008030314929783344,"w":0.9991793632507324},"size":608.6240844726563,"orthographic":true}